{"cameraMode":{"drawMode":0,"name":"Shaded","section":"Shading Mode"},"sceneLighting":true,"audioPlay":false,"sceneViewState":{"showFog":true,"showMaterialUpdate":false,"showSkybox":true,"showFlares":true,"showImageEffects":true,"showParticleSystems":true,"showVisualEffectGraphs":true,"m_FxEnabled":true},"in2DMode":false,"pivot":{"x":0.3067983388900757,"y":1.1716593503952027,"z":-0.1873643398284912},"rotation":{"x":0.0017407782142981887,"y":0.9974770545959473,"z":-0.06592929363250733,"w":0.026337839663028718},"size":0.4491676092147827,"orthographic":false}