{"cameraMode":{"drawMode":0,"name":"Shaded","section":"Shading Mode"},"sceneLighting":true,"audioPlay":false,"sceneViewState":{"showFog":true,"showMaterialUpdate":false,"showSkybox":true,"showFlares":true,"showImageEffects":true,"showParticleSystems":true,"showVisualEffectGraphs":true,"m_FxEnabled":true},"in2DMode":false,"pivot":{"x":1.1756999492645264,"y":1.0354582071304322,"z":0.041700009256601337},"rotation":{"x":-0.0944272056221962,"y":-0.8822069764137268,"z":0.20052310824394227,"w":-0.41543465852737429},"size":1.2843672037124634,"orthographic":false}